"SchoolID","SchoolCampus"
"E3JDACPY","Tampa"
"7R3NFGWK","Santa Barbara"
"E3JDACPY","Orlando"
"7R3NFGWK","Berkeley"
"NELK7SCK","Austin"
"E3JDACPY","Miami"
"E3JDACPY","Gainesville"
"7R3NFGWK","Los Angeles"
"KN0XV3NZ","Dartmouth"
"KN0XV3NZ","Lowell"
"7R3NFGWK","Davis"
"E2EGFYJD","Springfield"
"E2EGFYJD","Urbana-Champaign"
"NELK7SCK","San Antonio"
"E2EGFYJD","Chicago"
"NELK7SCK","Houston"
"KN0XV3NZ","Boston"
"NELK7SCK","Dallas"
"KN0XV3NZ","Amherst"